{
  "Capítulo 3": {
    "Pregunta de ejemplo 3.1": [
      "Respuesta correcta",
      "Opción 2",
      "Opción 3",
      "Opción 4"
    ],
    "Pregunta de ejemplo 3.2": [
      "Respuesta correcta",
      "Opción 2",
      "Opción 3",
      "Opción 4"
    ]
  },
  "Capítulo 4": {
    "Pregunta de ejemplo 4.1": [
      "Respuesta correcta",
      "Opción 2",
      "Opción 3",
      "Opción 4"
    ],
    "Pregunta de ejemplo 4.2": [
      "Respuesta correcta",
      "Opción 2",
      "Opción 3",
      "Opción 4"
    ]
  },
  "Capítulo 5": {
    "Pregunta de ejemplo 5.1": [
      "Respuesta correcta",
      "Opción 2",
      "Opción 3",
      "Opción 4"
    ],
    "Pregunta de ejemplo 5.2": [
      "Respuesta correcta",
      "Opción 2",
      "Opción 3",
      "Opción 4"
    ]
  },
  "Capítulo 6": {
    "Pregunta de ejemplo 6.1": [
      "Respuesta correcta",
      "Opción 2",
      "Opción 3",
      "Opción 4"
    ],
    "Pregunta de ejemplo 6.2": [
      "Respuesta correcta",
      "Opción 2",
      "Opción 3",
      "Opción 4"
    ]
  },
  "Capítulo 7": {
    "Pregunta de ejemplo 7.1": [
      "Respuesta correcta",
      "Opción 2",
      "Opción 3",
      "Opción 4"
    ],
    "Pregunta de ejemplo 7.2": [
      "Respuesta correcta",
      "Opción 2",
      "Opción 3",
      "Opción 4"
    ]
  },
  "Capítulo 8": {
    "Pregunta de ejemplo 8.1": [
      "Respuesta correcta",
      "Opción 2",
      "Opción 3",
      "Opción 4"
    ],
    "Pregunta de ejemplo 8.2": [
      "Respuesta correcta",
      "Opción 2",
      "Opción 3",
      "Opción 4"
    ]
  },
  "Capítulo 9": {
    "Pregunta de ejemplo 9.1": [
      "Respuesta correcta",
      "Opción 2",
      "Opción 3",
      "Opción 4"
    ],
    "Pregunta de ejemplo 9.2": [
      "Respuesta correcta",
      "Opción 2",
      "Opción 3",
      "Opción 4"
    ]
  },
  "Capítulo 10": {
    "Pregunta de ejemplo 10.1": [
      "Respuesta correcta",
      "Opción 2",
      "Opción 3",
      "Opción 4"
    ],
    "Pregunta de ejemplo 10.2": [
      "Respuesta correcta",
      "Opción 2",
      "Opción 3",
      "Opción 4"
    ]
  }
}